experiment_name,description,fold,val_season,test_season,status,return_code,started_at,elapsed_seconds,seed,trials,n_estimators,selected_strategy_count,summary_path,bets_path,log_path,test_bets,test_wins,test_profit,test_roi,test_hit_rate,test_avg_odds
draw_multiclass_nonfavorite,"Multiclass XGBoost, draw-only value bets, no market favorites.",val2021_test2022,2021,2022,skipped_existing,0,2026-06-18T01:49:23,0.0,2063,1,120,4,C:\Users\moham\OneDrive\Bureau\foot ia\train\output\experimental_protocol_targeted_favorite_fix\folds\draw_multiclass_nonfavorite_val2021_test2022_summary.csv,C:\Users\moham\OneDrive\Bureau\foot ia\train\output\experimental_protocol_targeted_favorite_fix\folds\draw_multiclass_nonfavorite_val2021_test2022_bets.csv,C:\Users\moham\OneDrive\Bureau\foot ia\train\output\experimental_protocol_targeted_favorite_fix\logs\draw_multiclass_nonfavorite_val2021_test2022.log,91,23,-8.04,-0.08835164835164834,0.25274725274725274,3.879340659340659
draw_multiclass_nonfavorite,"Multiclass XGBoost, draw-only value bets, no market favorites.",val2022_test2023,2022,2023,skipped_existing,0,2026-06-18T01:49:23,0.0,2064,1,120,4,C:\Users\moham\OneDrive\Bureau\foot ia\train\output\experimental_protocol_targeted_favorite_fix\folds\draw_multiclass_nonfavorite_val2022_test2023_summary.csv,C:\Users\moham\OneDrive\Bureau\foot ia\train\output\experimental_protocol_targeted_favorite_fix\folds\draw_multiclass_nonfavorite_val2022_test2023_bets.csv,C:\Users\moham\OneDrive\Bureau\foot ia\train\output\experimental_protocol_targeted_favorite_fix\logs\draw_multiclass_nonfavorite_val2022_test2023.log,126,35,33.31999999999999,0.26444444444444437,0.2777777777777778,4.927063492063493
draw_multiclass_nonfavorite,"Multiclass XGBoost, draw-only value bets, no market favorites.",val2023_test2024,2023,2024,skipped_existing,0,2026-06-18T01:49:23,0.0,2065,1,120,4,C:\Users\moham\OneDrive\Bureau\foot ia\train\output\experimental_protocol_targeted_favorite_fix\folds\draw_multiclass_nonfavorite_val2023_test2024_summary.csv,C:\Users\moham\OneDrive\Bureau\foot ia\train\output\experimental_protocol_targeted_favorite_fix\folds\draw_multiclass_nonfavorite_val2023_test2024_bets.csv,C:\Users\moham\OneDrive\Bureau\foot ia\train\output\experimental_protocol_targeted_favorite_fix\logs\draw_multiclass_nonfavorite_val2023_test2024.log,174,28,-32.839999999999996,-0.18873563218390801,0.16091954022988506,5.483735632183908
draw_multiclass_nonfavorite,"Multiclass XGBoost, draw-only value bets, no market favorites.",val2024_test2025,2024,2025,skipped_existing,0,2026-06-18T01:49:23,0.0,2066,1,120,4,C:\Users\moham\OneDrive\Bureau\foot ia\train\output\experimental_protocol_targeted_favorite_fix\folds\draw_multiclass_nonfavorite_val2024_test2025_summary.csv,C:\Users\moham\OneDrive\Bureau\foot ia\train\output\experimental_protocol_targeted_favorite_fix\folds\draw_multiclass_nonfavorite_val2024_test2025_bets.csv,C:\Users\moham\OneDrive\Bureau\foot ia\train\output\experimental_protocol_targeted_favorite_fix\logs\draw_multiclass_nonfavorite_val2024_test2025.log,94,22,21.46,0.22829787234042553,0.23404255319148937,5.354042553191489
multiclass_all_outcomes_value,"Multiclass model can select home, draw, or away outcomes.",val2021_test2022,2021,2022,skipped_existing,0,2026-06-18T01:49:23,0.0,3063,1,120,4,C:\Users\moham\OneDrive\Bureau\foot ia\train\output\experimental_protocol_targeted_favorite_fix\folds\multiclass_all_outcomes_value_val2021_test2022_summary.csv,C:\Users\moham\OneDrive\Bureau\foot ia\train\output\experimental_protocol_targeted_favorite_fix\folds\multiclass_all_outcomes_value_val2021_test2022_bets.csv,C:\Users\moham\OneDrive\Bureau\foot ia\train\output\experimental_protocol_targeted_favorite_fix\logs\multiclass_all_outcomes_value_val2021_test2022.log,78,19,-6.309999999999997,-0.08089743589743585,0.24358974358974358,3.9664102564102572
multiclass_all_outcomes_value,"Multiclass model can select home, draw, or away outcomes.",val2022_test2023,2022,2023,skipped_existing,0,2026-06-18T01:49:23,0.0,3064,1,120,4,C:\Users\moham\OneDrive\Bureau\foot ia\train\output\experimental_protocol_targeted_favorite_fix\folds\multiclass_all_outcomes_value_val2022_test2023_summary.csv,C:\Users\moham\OneDrive\Bureau\foot ia\train\output\experimental_protocol_targeted_favorite_fix\folds\multiclass_all_outcomes_value_val2022_test2023_bets.csv,C:\Users\moham\OneDrive\Bureau\foot ia\train\output\experimental_protocol_targeted_favorite_fix\logs\multiclass_all_outcomes_value_val2022_test2023.log,114,26,2.799999999999999,0.02456140350877192,0.22807017543859648,5.336842105263158
multiclass_all_outcomes_value,"Multiclass model can select home, draw, or away outcomes.",val2023_test2024,2023,2024,skipped_existing,0,2026-06-18T01:49:23,0.0,3065,1,120,4,C:\Users\moham\OneDrive\Bureau\foot ia\train\output\experimental_protocol_targeted_favorite_fix\folds\multiclass_all_outcomes_value_val2023_test2024_summary.csv,C:\Users\moham\OneDrive\Bureau\foot ia\train\output\experimental_protocol_targeted_favorite_fix\folds\multiclass_all_outcomes_value_val2023_test2024_bets.csv,C:\Users\moham\OneDrive\Bureau\foot ia\train\output\experimental_protocol_targeted_favorite_fix\logs\multiclass_all_outcomes_value_val2023_test2024.log,114,26,-10.339999999999996,-0.09070175438596488,0.22807017543859648,4.702719298245614
multiclass_all_outcomes_value,"Multiclass model can select home, draw, or away outcomes.",val2024_test2025,2024,2025,skipped_existing,0,2026-06-18T01:49:23,0.0,3066,1,120,4,C:\Users\moham\OneDrive\Bureau\foot ia\train\output\experimental_protocol_targeted_favorite_fix\folds\multiclass_all_outcomes_value_val2024_test2025_summary.csv,C:\Users\moham\OneDrive\Bureau\foot ia\train\output\experimental_protocol_targeted_favorite_fix\folds\multiclass_all_outcomes_value_val2024_test2025_bets.csv,C:\Users\moham\OneDrive\Bureau\foot ia\train\output\experimental_protocol_targeted_favorite_fix\logs\multiclass_all_outcomes_value_val2024_test2025.log,137,26,-3.5399999999999974,-0.02583941605839414,0.1897810218978102,5.0805109489051095
away_underdog_value,Multiclass away-win value bets where away is not the market favorite.,val2021_test2022,2021,2022,skipped_existing,0,2026-06-18T01:49:23,0.0,4063,1,120,4,C:\Users\moham\OneDrive\Bureau\foot ia\train\output\experimental_protocol_targeted_favorite_fix\folds\away_underdog_value_val2021_test2022_summary.csv,C:\Users\moham\OneDrive\Bureau\foot ia\train\output\experimental_protocol_targeted_favorite_fix\folds\away_underdog_value_val2021_test2022_bets.csv,C:\Users\moham\OneDrive\Bureau\foot ia\train\output\experimental_protocol_targeted_favorite_fix\logs\away_underdog_value_val2021_test2022.log,73,15,-4.17,-0.05712328767123288,0.2054794520547945,4.5200000000000005
away_underdog_value,Multiclass away-win value bets where away is not the market favorite.,val2022_test2023,2022,2023,skipped_existing,0,2026-06-18T01:49:23,0.0,4064,1,120,4,C:\Users\moham\OneDrive\Bureau\foot ia\train\output\experimental_protocol_targeted_favorite_fix\folds\away_underdog_value_val2022_test2023_summary.csv,C:\Users\moham\OneDrive\Bureau\foot ia\train\output\experimental_protocol_targeted_favorite_fix\folds\away_underdog_value_val2022_test2023_bets.csv,C:\Users\moham\OneDrive\Bureau\foot ia\train\output\experimental_protocol_targeted_favorite_fix\logs\away_underdog_value_val2022_test2023.log,80,7,-35.3,-0.44125,0.0875,6.385625
away_underdog_value,Multiclass away-win value bets where away is not the market favorite.,val2023_test2024,2023,2024,skipped_existing,0,2026-06-18T01:49:23,0.0,4065,1,120,4,C:\Users\moham\OneDrive\Bureau\foot ia\train\output\experimental_protocol_targeted_favorite_fix\folds\away_underdog_value_val2023_test2024_summary.csv,C:\Users\moham\OneDrive\Bureau\foot ia\train\output\experimental_protocol_targeted_favorite_fix\folds\away_underdog_value_val2023_test2024_bets.csv,C:\Users\moham\OneDrive\Bureau\foot ia\train\output\experimental_protocol_targeted_favorite_fix\logs\away_underdog_value_val2023_test2024.log,83,19,-8.530000000000001,-0.10277108433734941,0.2289156626506024,4.445903614457832
away_underdog_value,Multiclass away-win value bets where away is not the market favorite.,val2024_test2025,2024,2025,skipped_existing,0,2026-06-18T01:49:23,0.0,4066,1,120,4,C:\Users\moham\OneDrive\Bureau\foot ia\train\output\experimental_protocol_targeted_favorite_fix\folds\away_underdog_value_val2024_test2025_summary.csv,C:\Users\moham\OneDrive\Bureau\foot ia\train\output\experimental_protocol_targeted_favorite_fix\folds\away_underdog_value_val2024_test2025_bets.csv,C:\Users\moham\OneDrive\Bureau\foot ia\train\output\experimental_protocol_targeted_favorite_fix\logs\away_underdog_value_val2024_test2025.log,81,20,-8.659999999999997,-0.10691358024691354,0.24691358024691357,4.211728395061728
seriea_away_underdog_value,Serie A away-win value bets where away is not the market favorite.,val2021_test2022,2021,2022,skipped_existing,0,2026-06-18T01:49:23,0.0,5063,1,120,2,C:\Users\moham\OneDrive\Bureau\foot ia\train\output\experimental_protocol_targeted_favorite_fix\folds\seriea_away_underdog_value_val2021_test2022_summary.csv,C:\Users\moham\OneDrive\Bureau\foot ia\train\output\experimental_protocol_targeted_favorite_fix\folds\seriea_away_underdog_value_val2021_test2022_bets.csv,C:\Users\moham\OneDrive\Bureau\foot ia\train\output\experimental_protocol_targeted_favorite_fix\logs\seriea_away_underdog_value_val2021_test2022.log,43,11,17.030000000000005,0.3960465116279071,0.2558139534883721,6.0086046511627895
seriea_away_underdog_value,Serie A away-win value bets where away is not the market favorite.,val2022_test2023,2022,2023,skipped_existing,0,2026-06-18T01:49:23,0.0,5064,1,120,1,C:\Users\moham\OneDrive\Bureau\foot ia\train\output\experimental_protocol_targeted_favorite_fix\folds\seriea_away_underdog_value_val2022_test2023_summary.csv,C:\Users\moham\OneDrive\Bureau\foot ia\train\output\experimental_protocol_targeted_favorite_fix\folds\seriea_away_underdog_value_val2022_test2023_bets.csv,C:\Users\moham\OneDrive\Bureau\foot ia\train\output\experimental_protocol_targeted_favorite_fix\logs\seriea_away_underdog_value_val2022_test2023.log,44,4,-27.0,-0.6136363636363636,0.09090909090909091,5.9854545454545445
seriea_away_underdog_value,Serie A away-win value bets where away is not the market favorite.,val2023_test2024,2023,2024,failed,1,2026-06-18T01:49:23,7.039,5065,1,120,0,C:\Users\moham\OneDrive\Bureau\foot ia\train\output\experimental_protocol_targeted_favorite_fix\folds\seriea_away_underdog_value_val2023_test2024_summary.csv,C:\Users\moham\OneDrive\Bureau\foot ia\train\output\experimental_protocol_targeted_favorite_fix\folds\seriea_away_underdog_value_val2023_test2024_bets.csv,C:\Users\moham\OneDrive\Bureau\foot ia\train\output\experimental_protocol_targeted_favorite_fix\logs\seriea_away_underdog_value_val2023_test2024.log,0,0,0.0,,,
seriea_away_underdog_value,Serie A away-win value bets where away is not the market favorite.,val2024_test2025,2024,2025,ok,0,2026-06-18T01:49:30,6.959,5066,1,120,1,C:\Users\moham\OneDrive\Bureau\foot ia\train\output\experimental_protocol_targeted_favorite_fix\folds\seriea_away_underdog_value_val2024_test2025_summary.csv,C:\Users\moham\OneDrive\Bureau\foot ia\train\output\experimental_protocol_targeted_favorite_fix\folds\seriea_away_underdog_value_val2024_test2025_bets.csv,C:\Users\moham\OneDrive\Bureau\foot ia\train\output\experimental_protocol_targeted_favorite_fix\logs\seriea_away_underdog_value_val2024_test2025.log,24,3,-0.1999999999999993,-0.008333333333333304,0.125,7.440416666666667
bundesliga_long_draw,Bundesliga draw value bets restricted to long nonfavorite draw prices.,val2021_test2022,2021,2022,ok,0,2026-06-18T01:49:37,10.042,6063,1,120,1,C:\Users\moham\OneDrive\Bureau\foot ia\train\output\experimental_protocol_targeted_favorite_fix\folds\bundesliga_long_draw_val2021_test2022_summary.csv,C:\Users\moham\OneDrive\Bureau\foot ia\train\output\experimental_protocol_targeted_favorite_fix\folds\bundesliga_long_draw_val2021_test2022_bets.csv,C:\Users\moham\OneDrive\Bureau\foot ia\train\output\experimental_protocol_targeted_favorite_fix\logs\bundesliga_long_draw_val2021_test2022.log,37,7,-5.599999999999999,-0.1513513513513513,0.1891891891891892,5.04891891891892
bundesliga_long_draw,Bundesliga draw value bets restricted to long nonfavorite draw prices.,val2022_test2023,2022,2023,ok,0,2026-06-18T01:49:48,7.841,6064,1,120,2,C:\Users\moham\OneDrive\Bureau\foot ia\train\output\experimental_protocol_targeted_favorite_fix\folds\bundesliga_long_draw_val2022_test2023_summary.csv,C:\Users\moham\OneDrive\Bureau\foot ia\train\output\experimental_protocol_targeted_favorite_fix\folds\bundesliga_long_draw_val2022_test2023_bets.csv,C:\Users\moham\OneDrive\Bureau\foot ia\train\output\experimental_protocol_targeted_favorite_fix\logs\bundesliga_long_draw_val2022_test2023.log,75,18,13.589999999999996,0.18119999999999994,0.24,5.538133333333334
bundesliga_long_draw,Bundesliga draw value bets restricted to long nonfavorite draw prices.,val2023_test2024,2023,2024,ok,0,2026-06-18T01:49:55,9.034,6065,1,120,2,C:\Users\moham\OneDrive\Bureau\foot ia\train\output\experimental_protocol_targeted_favorite_fix\folds\bundesliga_long_draw_val2023_test2024_summary.csv,C:\Users\moham\OneDrive\Bureau\foot ia\train\output\experimental_protocol_targeted_favorite_fix\folds\bundesliga_long_draw_val2023_test2024_bets.csv,C:\Users\moham\OneDrive\Bureau\foot ia\train\output\experimental_protocol_targeted_favorite_fix\logs\bundesliga_long_draw_val2023_test2024.log,42,14,24.93,0.5935714285714285,0.3333333333333333,5.359285714285714
bundesliga_long_draw,Bundesliga draw value bets restricted to long nonfavorite draw prices.,val2024_test2025,2024,2025,ok,0,2026-06-18T01:50:05,7.857,6066,1,120,2,C:\Users\moham\OneDrive\Bureau\foot ia\train\output\experimental_protocol_targeted_favorite_fix\folds\bundesliga_long_draw_val2024_test2025_summary.csv,C:\Users\moham\OneDrive\Bureau\foot ia\train\output\experimental_protocol_targeted_favorite_fix\folds\bundesliga_long_draw_val2024_test2025_bets.csv,C:\Users\moham\OneDrive\Bureau\foot ia\train\output\experimental_protocol_targeted_favorite_fix\logs\bundesliga_long_draw_val2024_test2025.log,61,14,5.0,0.08196721311475409,0.22950819672131148,4.983114754098362
draw_consensus_nonfavorite,Draw bets where multiclass and binary draw models agree conservatively.,val2021_test2022,2021,2022,ok,0,2026-06-18T01:50:12,31.081,7063,1,120,4,C:\Users\moham\OneDrive\Bureau\foot ia\train\output\experimental_protocol_targeted_favorite_fix\folds\draw_consensus_nonfavorite_val2021_test2022_summary.csv,C:\Users\moham\OneDrive\Bureau\foot ia\train\output\experimental_protocol_targeted_favorite_fix\folds\draw_consensus_nonfavorite_val2021_test2022_bets.csv,C:\Users\moham\OneDrive\Bureau\foot ia\train\output\experimental_protocol_targeted_favorite_fix\logs\draw_consensus_nonfavorite_val2021_test2022.log,135,32,-16.94,-0.1254814814814815,0.23703703703703705,4.025111111111112
draw_consensus_nonfavorite,Draw bets where multiclass and binary draw models agree conservatively.,val2022_test2023,2022,2023,ok,0,2026-06-18T01:50:44,36.961,7064,1,120,4,C:\Users\moham\OneDrive\Bureau\foot ia\train\output\experimental_protocol_targeted_favorite_fix\folds\draw_consensus_nonfavorite_val2022_test2023_summary.csv,C:\Users\moham\OneDrive\Bureau\foot ia\train\output\experimental_protocol_targeted_favorite_fix\folds\draw_consensus_nonfavorite_val2022_test2023_bets.csv,C:\Users\moham\OneDrive\Bureau\foot ia\train\output\experimental_protocol_targeted_favorite_fix\logs\draw_consensus_nonfavorite_val2022_test2023.log,141,37,35.45,0.25141843971631206,0.2624113475177305,5.074042553191489
draw_consensus_nonfavorite,Draw bets where multiclass and binary draw models agree conservatively.,val2023_test2024,2023,2024,ok,0,2026-06-18T01:51:21,33.508,7065,1,120,4,C:\Users\moham\OneDrive\Bureau\foot ia\train\output\experimental_protocol_targeted_favorite_fix\folds\draw_consensus_nonfavorite_val2023_test2024_summary.csv,C:\Users\moham\OneDrive\Bureau\foot ia\train\output\experimental_protocol_targeted_favorite_fix\folds\draw_consensus_nonfavorite_val2023_test2024_bets.csv,C:\Users\moham\OneDrive\Bureau\foot ia\train\output\experimental_protocol_targeted_favorite_fix\logs\draw_consensus_nonfavorite_val2023_test2024.log,153,42,16.270000000000003,0.10633986928104577,0.27450980392156865,4.183725490196077
draw_consensus_nonfavorite,Draw bets where multiclass and binary draw models agree conservatively.,val2024_test2025,2024,2025,ok,0,2026-06-18T01:51:54,31.621,7066,1,120,4,C:\Users\moham\OneDrive\Bureau\foot ia\train\output\experimental_protocol_targeted_favorite_fix\folds\draw_consensus_nonfavorite_val2024_test2025_summary.csv,C:\Users\moham\OneDrive\Bureau\foot ia\train\output\experimental_protocol_targeted_favorite_fix\folds\draw_consensus_nonfavorite_val2024_test2025_bets.csv,C:\Users\moham\OneDrive\Bureau\foot ia\train\output\experimental_protocol_targeted_favorite_fix\logs\draw_consensus_nonfavorite_val2024_test2025.log,101,24,7.079999999999998,0.07009900990099008,0.2376237623762376,4.808811881188118
