snapshot_key,prediction_generated_at_utc,portfolio_name,date,league,team_name,opponent_name,selected_outcome,selected_odds,predicted_probability,market_probability,edge,expected_value,strategy_names,stake_eur,result_status,closing_selected_odds,realized_profit,actual_result,actual_outcome,match_found,realized_profit_units,raw_model_probability,value_score,raw_expected_value,probability_note,train_max_season,recommended,actual_home_score,actual_away_score
validation_multi_strategy_portfolio_2024|2026-03-15 17:30:00|EPL|Liverpool|Tottenham|draw|epl_draw_wide_nonfavorite,2026-03-12T19:33:37.649592+00:00,validation_multi_strategy_portfolio_2024,2026-03-15 17:30:00,EPL,Liverpool,Tottenham,draw,6.05,0.3228465914726257,0.1637334644566917,0.159113127015934,0.9532218784093855,epl_draw_wide_nonfavorite,2.5,won,,12.625,d,draw,True,5.05,,,,,,,1.0,1.0
validation_multi_strategy_portfolio_2024|2026-03-16 21:00:00|La_liga|Rayo Vallecano|Levante|draw|laliga_draw_mid_nonfavorite,2026-03-12T19:33:37.649592+00:00,validation_multi_strategy_portfolio_2024,2026-03-16 21:00:00,La_liga,Rayo Vallecano,Levante,draw,3.94,0.4027064144611358,0.2501035613923129,0.1526028530688229,0.5866632729768753,laliga_draw_mid_nonfavorite,2.5,won,,7.35,d,draw,True,2.94,,,,,,,1.0,1.0
validation_multi_strategy_portfolio_2024|2026-03-14 18:00:00|Serie_A|Napoli|Lecce|draw|serie_a_draw_wide_nonfavorite,2026-03-12T19:33:37.649592+00:00,validation_multi_strategy_portfolio_2024,2026-03-14 18:00:00,Serie_A,Napoli,Lecce,draw,4.86,0.401881992816925,0.2027242691143106,0.1991577237026144,0.9531464850902558,serie_a_draw_wide_nonfavorite,2.5,lost,,-2.5,w,home_win,True,-1.0,,,,,,,2.0,1.0
validation_multi_strategy_portfolio_2024|2026-03-14 15:00:00|Serie_A|Inter|Atalanta|draw|serie_a_draw_wide_nonfavorite,2026-03-12T19:33:37.649592+00:00,validation_multi_strategy_portfolio_2024,2026-03-14 15:00:00,Serie_A,Inter,Atalanta,draw,4.7,0.3478941619396209,0.2114343937507075,0.1364597681889134,0.6351025611162187,serie_a_draw_wide_nonfavorite,2.5,won,,9.25,d,draw,True,3.7,,,,,,,1.0,1.0
exploratory_multi_strategy_portfolio_2025|2026-03-15 15:30:00|Bundesliga|Werder Bremen|Mainz 05|draw|bundesliga_draw_mid_nonfavorite,2026-03-12T19:43:16.359536+00:00,exploratory_multi_strategy_portfolio_2025,2026-03-15 15:30:00,Bundesliga,Werder Bremen,Mainz 05,draw,3.7,0.4500987231731415,0.2663760551675875,0.1837226680055539,0.6653652757406237,bundesliga_draw_mid_nonfavorite,1.79,lost,,-1.79,l,away_win,True,-1.0,,,,,,,0.0,2.0
exploratory_multi_strategy_portfolio_2025|2026-03-15 15:00:00|EPL|Manchester United|Aston Villa|draw|epl_draw_long_nonfavorite,2026-03-12T19:43:16.359536+00:00,exploratory_multi_strategy_portfolio_2025,2026-03-15 15:00:00,EPL,Manchester United,Aston Villa,draw,4.36,0.3636840283870697,0.2261306532663316,0.137553375120738,0.5856623637676239,epl_draw_long_nonfavorite,1.79,lost,,-1.79,w,home_win,True,-1.0,,,,,,,3.0,1.0
exploratory_multi_strategy_portfolio_2025|2026-03-14 21:00:00|EPL|West Ham|Manchester City|draw|epl_draw_long_nonfavorite,2026-03-12T19:43:16.359536+00:00,exploratory_multi_strategy_portfolio_2025,2026-03-14 21:00:00,EPL,West Ham,Manchester City,draw,4.62,0.3138910233974457,0.2138312486443496,0.100059774753096,0.4501765280961991,epl_draw_long_nonfavorite,1.79,won,,6.4798,d,draw,True,3.62,,,,,,,1.0,1.0
exploratory_multi_strategy_portfolio_2025|2026-03-15 17:30:00|EPL|Liverpool|Tottenham|draw|epl_draw_long_nonfavorite,2026-03-12T19:43:16.359536+00:00,exploratory_multi_strategy_portfolio_2025,2026-03-15 17:30:00,EPL,Liverpool,Tottenham,draw,6.05,0.4728024303913116,0.1637334644566917,0.3090689659346199,1.8604547038674355,epl_draw_long_nonfavorite,1.79,won,,9.0395,d,draw,True,5.05,,,,,,,1.0,1.0
exploratory_multi_strategy_portfolio_2025|2026-03-13 20:45:00|Ligue_1|Marseille|Auxerre|draw|ligue1_draw_wide_nonfavorite,2026-03-12T19:43:16.359536+00:00,exploratory_multi_strategy_portfolio_2025,2026-03-13 20:45:00,Ligue_1,Marseille,Auxerre,draw,4.76,0.4759605824947357,0.2087198515769944,0.2672407309177412,1.2655723726749415,ligue1_draw_wide_nonfavorite,1.79,lost,,-1.79,w,home_win,True,-1.0,,,,,,,1.0,0.0
exploratory_multi_strategy_portfolio_2025|2026-03-14 18:00:00|Serie_A|Napoli|Lecce|draw|serie_a_draw_long_nonfavorite,2026-03-12T19:43:16.359536+00:00,exploratory_multi_strategy_portfolio_2025,2026-03-14 18:00:00,Serie_A,Napoli,Lecce,draw,4.86,0.3750687539577484,0.2027242691143106,0.1723444848434378,0.8228341442346574,serie_a_draw_long_nonfavorite,1.79,lost,,-1.79,w,home_win,True,-1.0,,,,,,,2.0,1.0
exploratory_multi_strategy_portfolio_2025|2026-03-13 20:45:00|Serie_A|Torino|Parma Calcio 1913|draw|serie_a_draw_long_nonfavorite,2026-03-12T19:43:16.359536+00:00,exploratory_multi_strategy_portfolio_2025,2026-03-13 20:45:00,Serie_A,Torino,Parma Calcio 1913,draw,4.23,0.4103347659111023,0.2564575491075545,0.1538772168035477,0.7357160598039629,serie_a_draw_long_nonfavorite,1.79,lost,,-1.79,w,home_win,True,-1.0,,,,,,,4.0,1.0
2026-08-15 19:30:00|La_liga|Alaves|Getafe|draw,2026-08-11T20:48:06.083751+00:00,published_dashboard,2026-08-15 19:30:00,La_liga,Alaves,Getafe,draw,2.9,0.4009771,0.3406689499380602,0.0,0.1628336042165756,laliga_draw_mid_nonfavorite,0.0,pending,,,,,False,,0.4009771,0.0603081549642072,0.1628336042165756,raw_xgb_probability_not_calibrated,2025.0,False,,
2026-08-15 21:30:00|La_liga|Sevilla|Rayo Vallecano|draw,2026-08-11T20:48:06.083751+00:00,published_dashboard,2026-08-15 21:30:00,La_liga,Sevilla,Rayo Vallecano,draw,3.37,0.34895408,0.2924470287716642,0.0,0.1759752547740936,laliga_draw_mid_nonfavorite,0.0,pending,,,,,False,,0.34895408,0.0565070527636751,0.1759752547740936,raw_xgb_probability_not_calibrated,2025.0,False,,
2026-08-16 17:00:00|La_liga|Racing Santander|Villarreal|away_win,2026-08-11T20:48:06.083751+00:00,published_dashboard,2026-08-16 17:00:00,La_liga,Racing Santander,Villarreal,away_win,2.35,0.39352024,0.2773823988890818,0.0,0.3661572921276093,laliga_draw_mid_nonfavorite,0.0,pending,,,,,False,,0.37739152,0.1000091182732412,0.3661572921276093,raw_xgb_probability_not_calibrated,2025.0,False,,
2026-08-16 19:00:00|La_liga|Espanyol|Levante|home_win,2026-08-11T20:48:06.083751+00:00,published_dashboard,2026-08-16 19:00:00,La_liga,Espanyol,Levante,home_win,2.12,0.41365737,0.2867824999320227,0.0,0.0641577935218811,laliga_draw_mid_nonfavorite,0.0,pending,,,,,False,,0.3093482,0.0225656958592217,0.0641577935218811,raw_xgb_probability_not_calibrated,2025.0,False,,
2026-08-16 21:30:00|La_liga|Celta Vigo|Osasuna|home_win,2026-08-11T20:48:06.083751+00:00,published_dashboard,2026-08-16 21:30:00,La_liga,Celta Vigo,Osasuna,home_win,2.12,0.39620125,0.2812417086760413,0.0,0.1878666609525678,laliga_draw_mid_nonfavorite,0.0,pending,,,,,False,,0.33842355,0.0571818414528954,0.1878666609525678,raw_xgb_probability_not_calibrated,2025.0,False,,
2026-08-17 21:00:00|La_liga|Deportivo La Coruna|Elche|draw,2026-08-11T20:48:06.083751+00:00,published_dashboard,2026-08-17 21:00:00,La_liga,Deportivo La Coruna,Elche,draw,3.25,0.42468274,0.3051856695233093,0.0,0.380218893289566,laliga_draw_mid_nonfavorite,0.0,pending,,,,,False,,0.42468274,0.1194970668734802,0.380218893289566,raw_xgb_probability_not_calibrated,2025.0,False,,
production_draw_consensus_nonfavorite_2026_08_12|2026-08-30 17:30:00|Bundesliga|Augsburg|Schalke 04|draw,2026-08-11T22:35:06.860823+00:00,production_draw_consensus_nonfavorite_2026_08_12,2026-08-30 17:30:00,Bundesliga,Augsburg,Schalke 04,draw,3.9,0.4335182607173919,0.2529615517838587,0.1805567089335332,0.6907212167978287,bundesliga_draw_2_20_4_00_nonfavorite_1,2.5,pending,,,,,False,,0.4335182607173919,0.1805567089335332,0.6907212167978287,min_multiclass_draw_and_binary_draw_raw_probability,2025.0,True,,
published_dashboard|2026-08-21 21:00:00|EPL|Arsenal|Coventry City|home_win,2026-08-11T22:35:36.103691+00:00,published_dashboard,2026-08-21 21:00:00,EPL,Arsenal,Coventry City,home_win,1.2,0.75227547,0.1246494234964163,0.0,0.1753711856901645,epl_draw_2_00_10_00_nonfavorite_3,0.0,pending,,,,,,,0.14784543,0.0231960086658685,0.1753711856901645,min_multiclass_draw_and_binary_draw_raw_probability,2025.0,False,,
published_dashboard|2026-08-22 13:30:00|EPL|Hull|Manchester United|away_win,2026-08-11T22:35:36.103691+00:00,published_dashboard,2026-08-22 13:30:00,EPL,Hull,Manchester United,away_win,1.49,0.602055,0.1942541829020466,0.0,0.4845406833291052,epl_draw_2_00_10_00_nonfavorite_3,0.0,pending,,,,,,,0.28494063,0.0906864472954783,0.4845406833291052,min_multiclass_draw_and_binary_draw_raw_probability,2025.0,False,,
published_dashboard|2026-08-22 16:00:00|EPL|Everton|Crystal Palace|home_win,2026-08-11T22:35:36.103691+00:00,published_dashboard,2026-08-22 16:00:00,EPL,Everton,Crystal Palace,home_win,2.23,0.34650528,0.2753835527555099,0.0,0.2309728980064391,epl_draw_2_00_10_00_nonfavorite_3,0.0,pending,,,,,,,0.34193692,0.0665533633573898,0.2309728980064391,min_multiclass_draw_and_binary_draw_raw_probability,2025.0,False,,
published_dashboard|2026-08-22 16:00:00|EPL|Ipswich|Sunderland|draw,2026-08-11T22:35:36.103691+00:00,published_dashboard,2026-08-22 16:00:00,EPL,Ipswich,Sunderland,draw,3.5,0.41007647,0.2830047490979677,0.0,0.4352676421403885,epl_draw_2_00_10_00_nonfavorite_3,0.0,pending,,,,,,,0.41007647,0.1270717200850004,0.4352676421403885,min_multiclass_draw_and_binary_draw_raw_probability,2025.0,False,,
published_dashboard|2026-08-22 16:00:00|EPL|Nottingham Forest|Leeds|draw,2026-08-11T22:35:36.103691+00:00,published_dashboard,2026-08-22 16:00:00,EPL,Nottingham Forest,Leeds,draw,3.5,0.34380224,0.2816673411574261,0.0,0.2033078521490097,epl_draw_2_00_10_00_nonfavorite_3,0.0,pending,,,,,,,0.34380224,0.0621349023137194,0.2033078521490097,min_multiclass_draw_and_binary_draw_raw_probability,2025.0,False,,
published_dashboard|2026-08-22 18:30:00|EPL|Brentford|Tottenham|draw,2026-08-11T22:35:36.103691+00:00,published_dashboard,2026-08-22 18:30:00,EPL,Brentford,Tottenham,draw,3.8,0.36303306,0.2596254507386297,0.0,0.37952561378479,epl_draw_2_00_10_00_nonfavorite_3,0.0,pending,,,,,,,0.36303306,0.1034076055205255,0.37952561378479,min_multiclass_draw_and_binary_draw_raw_probability,2025.0,False,,
published_dashboard|2026-08-22 18:30:00|Serie_A|Inter|Monza|home_win,2026-08-11T22:35:36.103691+00:00,published_dashboard,2026-08-22 18:30:00,Serie_A,Inter,Monza,home_win,1.25,0.794556,0.1438349370102172,0.0,-0.0250641621649265,serie_a_draw_4_00_10_00_nonfavorite_2,0.0,pending,,,,,,,0.1423264,-0.0015085373262649,-0.0250641621649265,min_multiclass_draw_and_binary_draw_raw_probability,2025.0,False,,
published_dashboard|2026-08-22 18:30:00|Serie_A|Udinese|Como|away_win,2026-08-11T22:35:36.103691+00:00,published_dashboard,2026-08-22 18:30:00,Serie_A,Udinese,Como,away_win,1.88,0.63616794,0.265880367646838,0.0,-0.178305507004261,serie_a_draw_4_00_10_00_nonfavorite_2,0.0,pending,,,,,,,0.221481,-0.0443993722301968,-0.178305507004261,min_multiclass_draw_and_binary_draw_raw_probability,2025.0,False,,
published_dashboard|2026-08-22 20:45:00|Serie_A|Genoa|Napoli|away_win,2026-08-11T22:35:36.103691+00:00,published_dashboard,2026-08-22 20:45:00,Serie_A,Genoa,Napoli,away_win,1.89,0.6335244,0.2832743686714651,0.0,-0.2373326048254966,serie_a_draw_4_00_10_00_nonfavorite_2,0.0,pending,,,,,,,0.21790497,-0.065369398621607,-0.2373326048254966,min_multiclass_draw_and_binary_draw_raw_probability,2025.0,False,,
published_dashboard|2026-08-22 20:45:00|Serie_A|Parma Calcio 1913|Cagliari|away_win,2026-08-11T22:35:36.103691+00:00,published_dashboard,2026-08-22 20:45:00,Serie_A,Parma Calcio 1913,Cagliari,away_win,2.97,0.36604884,0.3052415210688592,0.0,0.1248607486486435,serie_a_draw_4_00_10_00_nonfavorite_2,0.0,pending,,,,,,,0.346111,0.0408694785153387,0.1248607486486435,min_multiclass_draw_and_binary_draw_raw_probability,2025.0,False,,
published_dashboard|2026-08-23 15:00:00|EPL|Brighton|Aston Villa|away_win,2026-08-11T22:35:36.103691+00:00,published_dashboard,2026-08-23 15:00:00,EPL,Brighton,Aston Villa,away_win,3.11,0.34423772,0.2625358770893128,0.0,0.2885539221763611,epl_draw_2_00_10_00_nonfavorite_3,0.0,pending,,,,,,,0.3427005,0.0801646341278044,0.2885539221763611,min_multiclass_draw_and_binary_draw_raw_probability,2025.0,False,,
published_dashboard|2026-08-23 15:00:00|EPL|Manchester City|Bournemouth|home_win,2026-08-11T22:35:36.103691+00:00,published_dashboard,2026-08-23 15:00:00,EPL,Manchester City,Bournemouth,home_win,1.5,0.6016974,0.1898734177215189,0.0,0.1675781428813934,epl_draw_2_00_10_00_nonfavorite_3,0.0,pending,,,,,,,0.22453426,0.0346608405249028,0.1675781428813934,min_multiclass_draw_and_binary_draw_raw_probability,2025.0,False,,
published_dashboard|2026-08-23 17:30:00|EPL|Newcastle United|Liverpool|away_win,2026-08-11T22:35:36.103691+00:00,published_dashboard,2026-08-23 17:30:00,EPL,Newcastle United,Liverpool,away_win,2.12,0.52217543,0.2415549597855228,0.0,0.1354508966207503,epl_draw_2_00_10_00_nonfavorite_3,0.0,pending,,,,,,,0.27693924,0.0353842832927089,0.1354508966207503,min_multiclass_draw_and_binary_draw_raw_probability,2025.0,False,,
published_dashboard|2026-08-23 18:30:00|Serie_A|Frosinone|Juventus|away_win,2026-08-11T22:35:36.103691+00:00,published_dashboard,2026-08-23 18:30:00,Serie_A,Frosinone,Juventus,away_win,1.5,0.688225,0.2111309772891543,0.0,0.0771167173981666,serie_a_draw_4_00_10_00_nonfavorite_2,0.0,pending,,,,,,,0.23114093,0.0200099491911389,0.0771167173981666,min_multiclass_draw_and_binary_draw_raw_probability,2025.0,False,,
published_dashboard|2026-08-23 18:30:00|Serie_A|Venezia|Lecce|draw,2026-08-11T22:35:36.103691+00:00,published_dashboard,2026-08-23 18:30:00,Serie_A,Venezia,Lecce,draw,3.31,0.37534666,0.2974296205630354,0.0,0.2423974466323852,serie_a_draw_4_00_10_00_nonfavorite_2,0.0,pending,,,,,,,0.37534666,0.0779170400509782,0.2423974466323852,min_multiclass_draw_and_binary_draw_raw_probability,2025.0,False,,
published_dashboard|2026-08-23 20:45:00|Serie_A|Atalanta|Sassuolo|home_win,2026-08-11T22:35:36.103691+00:00,published_dashboard,2026-08-23 20:45:00,Serie_A,Atalanta,Sassuolo,home_win,1.59,0.59172213,0.2199924770848044,0.0,0.069298431277275,serie_a_draw_4_00_10_00_nonfavorite_2,0.0,pending,,,,,,,0.23762187,0.0176293965323678,0.069298431277275,min_multiclass_draw_and_binary_draw_raw_probability,2025.0,False,,
published_dashboard|2026-08-23 20:45:00|Serie_A|Torino|AC Milan|away_win,2026-08-11T22:35:36.103691+00:00,published_dashboard,2026-08-23 20:45:00,Serie_A,Torino,AC Milan,away_win,1.85,0.6472959,0.2554085214504972,0.0,-0.1714762957394122,serie_a_draw_4_00_10_00_nonfavorite_2,0.0,pending,,,,,,,0.21408881,-0.0413197089800611,-0.1714762957394122,min_multiclass_draw_and_binary_draw_raw_probability,2025.0,False,,
published_dashboard|2026-08-24 18:30:00|Serie_A|Bologna|Lazio|home_win,2026-08-11T22:35:36.103691+00:00,published_dashboard,2026-08-24 18:30:00,Serie_A,Bologna,Lazio,home_win,2.23,0.3754634,0.2920307252539903,0.0,0.1682072055339813,serie_a_draw_4_00_10_00_nonfavorite_2,0.0,pending,,,,,,,0.34562343,0.0535927083359449,0.1682072055339813,min_multiclass_draw_and_binary_draw_raw_probability,2025.0,False,,
published_dashboard|2026-08-24 20:45:00|Serie_A|Roma|Fiorentina|home_win,2026-08-11T22:35:36.103691+00:00,published_dashboard,2026-08-24 20:45:00,Serie_A,Roma,Fiorentina,home_win,1.62,0.61235833,0.2323713351311033,0.0,0.0440652258694171,serie_a_draw_4_00_10_00_nonfavorite_2,0.0,pending,,,,,,,0.2456624,0.0132910709558183,0.0440652258694171,min_multiclass_draw_and_binary_draw_raw_probability,2025.0,False,,
published_dashboard|2026-08-24 21:00:00|EPL|Fulham|Chelsea|away_win,2026-08-11T22:35:36.103691+00:00,published_dashboard,2026-08-24 21:00:00,EPL,Fulham,Chelsea,away_win,2.25,0.48297733,0.2599140663520462,0.0,0.1748618841171263,epl_draw_2_00_10_00_nonfavorite_3,0.0,pending,,,,,,,0.30917418,0.0492601136787765,0.1748618841171263,min_multiclass_draw_and_binary_draw_raw_probability,2025.0,False,,
published_dashboard|2026-08-28 20:30:00|Bundesliga|Bayern Munich|VfB Stuttgart|home_win,2026-08-11T22:35:36.103691+00:00,published_dashboard,2026-08-28 20:30:00,Bundesliga,Bayern Munich,VfB Stuttgart,home_win,1.33,0.8727678,0.149878221672907,0.0,-0.3933777913451195,bundesliga_draw_2_20_4_00_nonfavorite_1,0.0,pending,,,,,,,0.091912456,-0.0579657658161069,-0.3933777913451195,min_multiclass_draw_and_binary_draw_raw_probability,2025.0,False,,
published_dashboard|2026-08-29 15:30:00|Bundesliga|FC Cologne|Hoffenheim|home_win,2026-08-11T22:35:36.103691+00:00,published_dashboard,2026-08-29 15:30:00,Bundesliga,FC Cologne,Hoffenheim,home_win,3.03,0.47571868,0.2601400259360507,0.0,0.1882601261138916,bundesliga_draw_2_20_4_00_nonfavorite_1,0.0,pending,,,,,,,0.31270003,0.0525600072518154,0.1882601261138916,min_multiclass_draw_and_binary_draw_raw_probability,2025.0,False,,
published_dashboard|2026-08-29 15:30:00|Bundesliga|Mainz 05|Paderborn|home_win,2026-08-11T22:35:36.103691+00:00,published_dashboard,2026-08-29 15:30:00,Bundesliga,Mainz 05,Paderborn,home_win,1.75,0.57635117,0.2364793561950601,0.0,0.3110332831740379,bundesliga_draw_2_20_4_00_nonfavorite_1,0.0,pending,,,,,,,0.31439647,0.0779171145900808,0.3110332831740379,min_multiclass_draw_and_binary_draw_raw_probability,2025.0,False,,
published_dashboard|2026-08-29 15:30:00|Bundesliga|RasenBallsport Leipzig|Borussia M.Gladbach|home_win,2026-08-11T22:35:36.103691+00:00,published_dashboard,2026-08-29 15:30:00,Bundesliga,RasenBallsport Leipzig,Borussia M.Gladbach,home_win,1.6,0.7798901,0.2064353825806272,0.0,-0.4330516332387923,bundesliga_draw_2_20_4_00_nonfavorite_1,0.0,pending,,,,,,,0.118608445,-0.0878269376515043,-0.4330516332387923,min_multiclass_draw_and_binary_draw_raw_probability,2025.0,False,,
published_dashboard|2026-08-29 15:30:00|Bundesliga|Spvgg Elversberg|Bayer Leverkusen|away_win,2026-08-11T22:35:36.103691+00:00,published_dashboard,2026-08-29 15:30:00,Bundesliga,Spvgg Elversberg,Bayer Leverkusen,away_win,1.58,0.48785186,0.2047274455473955,0.0,0.2600181680917741,bundesliga_draw_2_20_4_00_nonfavorite_1,0.0,pending,,,,,,,0.26141456,0.0566871121479932,0.2600181680917741,min_multiclass_draw_and_binary_draw_raw_probability,2025.0,False,,
published_dashboard|2026-08-29 15:30:00|Bundesliga|Union Berlin|Eintracht Frankfurt|draw,2026-08-11T22:35:36.103691+00:00,published_dashboard,2026-08-29 15:30:00,Bundesliga,Union Berlin,Eintracht Frankfurt,draw,3.68,0.41868523,0.2681480611735697,0.0,0.5407616376876831,bundesliga_draw_2_20_4_00_nonfavorite_1,0.0,pending,,,,,,,0.41868523,0.1505371664589528,0.5407616376876831,min_multiclass_draw_and_binary_draw_raw_probability,2025.0,False,,
published_dashboard|2026-08-29 18:30:00|Bundesliga|Borussia Dortmund|Hamburger SV|home_win,2026-08-11T22:35:36.103691+00:00,published_dashboard,2026-08-29 18:30:00,Bundesliga,Borussia Dortmund,Hamburger SV,home_win,1.36,0.851315,0.1713945282067732,0.0,-0.40058041036129,bundesliga_draw_2_20_4_00_nonfavorite_1,0.0,pending,,,,,,,0.1044285,-0.0669660282697157,-0.40058041036129,min_multiclass_draw_and_binary_draw_raw_probability,2025.0,False,,
published_dashboard|2026-08-30 15:30:00|Bundesliga|Freiburg|Werder Bremen|home_win,2026-08-11T22:35:36.103691+00:00,published_dashboard,2026-08-30 15:30:00,Bundesliga,Freiburg,Werder Bremen,home_win,2.11,0.45402193,0.2637990167091859,0.0,-0.0269230678677558,bundesliga_draw_2_20_4_00_nonfavorite_1,0.0,pending,,,,,,,0.25948718,-0.0043118348072541,-0.0269230678677558,min_multiclass_draw_and_binary_draw_raw_probability,2025.0,False,,
published_dashboard|2026-08-30 17:30:00|Bundesliga|Augsburg|Schalke 04|draw,2026-08-11T22:35:36.103691+00:00,published_dashboard,2026-08-30 17:30:00,Bundesliga,Augsburg,Schalke 04,draw,3.9,0.43351826,0.2529615517838587,0.1805567089335332,0.6907212167978287,bundesliga_draw_2_20_4_00_nonfavorite_1,,pending,,,,,,,0.43351826,0.1805567089335332,0.6907212167978287,min_multiclass_draw_and_binary_draw_raw_probability,2025.0,True,,
